<?xml version="1.0" encoding="UTF-8"?>
<beans xmlns="http://www.springframework.org/schema/beans"
	xmlns:xsi="http://www.w3.org/2001/XMLSchema-instance"
	xmlns:tx="http://www.springframework.org/schema/tx"
	xmlns:aop="http://www.springframework.org/schema/aop"
	xsi:schemaLocation="http://www.springframework.org/schema/beans 
	http://www.springframework.org/schema/beans/spring-beans.xsd
		http://www.springframework.org/schema/aop 
		http://www.springframework.org/schema/aop/spring-aop-4.3.xsd
		http://www.springframework.org/schema/tx
		http://www.springframework.org/schema/tx/spring-tx-4.3.xsd">

	<!-- Siempre se declara independientemente del modelo de tx elegido -->
	<bean id="txManager" 
		class="org.springframework.jdbc.datasource.DataSourceTransactionManager">
		<property name="dataSource" ref="miDataSource" />	
	</bean>
	
	<tx:advice id="txAdvice" transaction-manager="txManager">
		<tx:attributes>
			<tx:method name="modificarNota" propagation="REQUIRED" 
				isolation="SERIALIZABLE" rollback-for="Exception"/>
			<tx:method name="eliminar" propagation="REQUIRED" 
				isolation="SERIALIZABLE" rollback-for="Exception"/>
			<tx:method name="alta" propagation="REQUIRED" 
				isolation="SERIALIZABLE" rollback-for="Exception"/>
			<tx:method name="*" propagation="SUPPORTS" read-only="true"/>
		</tx:attributes>
	</tx:advice>
	
	<aop:config>
		<aop:advisor advice-ref="txAdvice"
		  pointcut="execution(* *..AlumnosDAO.*(..))"/>
	</aop:config>
	
	<bean id="miDataSource"
	 class="org.springframework.jdbc.datasource.DriverManagerDataSource">
	 	<property name="driverClassName" value="com.mysql.jdbc.Driver" />
	 	<property name="url" value="jdbc:mysql://localhost:3306/LaraDB" />
	 	<property name="username" value="root" />
	 	<property name="password" value="" />
	</bean>
	
	<bean id="template" class="org.springframework.jdbc.core.JdbcTemplate">
		<property name="dataSource" ref="miDataSource" />
	</bean>
	
	<bean id="mapeador" class="vegas.anabel.persistencia.MapeadorAlumno" />
	
	<bean id="dao" class="vegas.anabel.persistencia.AlumnosDAO">
		<property name="template" ref="template" />
		<property name="mapeadorAlumno" ref="mapeador" />
	</bean>

</beans>



