<?xml version="1.0" encoding="UTF-8"?>
<beans xmlns="http://www.springframework.org/schema/beans"
	xmlns:xsi="http://www.w3.org/2001/XMLSchema-instance"
	xmlns:security="http://www.springframework.org/schema/security"
	xsi:schemaLocation="http://www.springframework.org/schema/beans 
	http://www.springframework.org/schema/beans/spring-beans.xsd
		http://www.springframework.org/schema/security 
		http://www.springframework.org/schema/security/spring-security-3.1.xsd">

	<!-- Desactivamos la seguridad en /login 
	 porque sino entramos en bucle -->
	<security:http pattern="/login" security="none" />

	<security:http use-expressions="true">
		<!-- Todas las peticiones requieren de autenticacion -->	
		<security:intercept-url pattern="/**" access="isAuthenticated()"/> 
	
		<!-- Interceptamos la peticion de alta para que se redirija como https -->
		<security:intercept-url pattern="/alta" requires-channel="https"/>
	
		<!-- Los parametros por defecto son j_username y j_password
		 pero si los queremos cambiar hay que configurarlos aqui -->
		<security:form-login login-page="/login"
			default-target-url="/index"
			authentication-failure-url="/login"
			username-parameter="user"
			password-parameter="password"/>
			
		<!-- Control de sesiones, detectar que solo haya una sesion abierta
		por usuario -->	
		<security:session-management>
			<security:concurrency-control max-sessions="1"
				error-if-maximum-exceeded="true"/>
		</security:session-management>
			
		<security:logout logout-url="/logout" 
			logout-success-url="/"/>	
	</security:http>

	<security:authentication-manager>
		<security:authentication-provider>
			<security:user-service>
				<security:user name="juan" password="pw123" 
					authorities="ROLE_USER"/>
				<security:user name="maria" password="pw456" 
					authorities="ROLE_ADMIN"/>
			</security:user-service>
		</security:authentication-provider>
	</security:authentication-manager>

</beans>







