<?xml version="1.0" encoding="UTF-8"?>
<beans xmlns="http://www.springframework.org/schema/beans"
	xmlns:xsi="http://www.w3.org/2001/XMLSchema-instance"
	xsi:schemaLocation="http://www.springframework.org/schema/beans 
	https://www.springframework.org/schema/beans/spring-beans-4.3.xsd">

	<bean id="empleado1" class="com.example.modelo.Empleado">
		<property name="numeroEmpleado" value="127" />
		<property name="nombre" value="Juan" />
		<property name="apellido" value="Lopez" />
		<property name="esJefe" value="false" />
		<property name="sueldo" value="38000" />
	</bean>
	
	<bean id="empleado2" class="com.example.modelo.Empleado">
		<property name="numeroEmpleado">
			<value type="int">128</value>
		</property>
		<property name="nombre">
			<value type="java.lang.String">Maria</value>
		</property>
		<property name="apellido">
			<value type="java.lang.String">Rodriguez</value>
		</property>
		<property name="esJefe">
			<value type="boolean">true</value>
		</property>
		<property name="sueldo">
			<value type="double">65000</value>
		</property>
	</bean>
</beans>




