<?xml version="1.0"?>
<!DOCTYPE hibernate-mapping PUBLIC "-//Hibernate/Hibernate Mapping DTD 3.0//EN"
"http://hibernate.sourceforge.net/hibernate-mapping-3.0.dtd">
<!-- Generated 05-nov-2020 17:39:25 by Hibernate Tools 3.5.0.Final -->
<hibernate-mapping>
    <class name="com.example.modelo.Producto" table="Productos">
    
    		<id name="id" type="integer" column="ID">
    			<generator class="assigned" />
    		</id>
        
        <property name="descripcion" type="string">
            <column name="DESCRIPCION" />
        </property>
    
        <property name="precio" type="double">
            <column name="PRECIO" />
        </property>
             
    </class>
</hibernate-mapping>
