<?xml version="1.0" encoding="UTF-8" standalone="no"?>
<empleados>
	<empleado>
		<id>00132</id>
		<nombre>Antonio Lopez</nombre>
		<direccion>
			<calle>Mayor</calle>
			<ciudad>Madrid</ciudad>
			<codigo_postal>28014</codigo_postal>
		</direccion>
		<email>antonio@gmail.com</email>
		<dpto>Ventas</dpto>
		<sueldo>45000</sueldo>
	</empleado>
	<empleado>
		<id>00133</id>
		<nombre>Maria Lopez</nombre>
		<direccion>
			<calle>Castellana</calle>
			<ciudad>Madrid</ciudad>
			<codigo_postal>28027</codigo_postal>
		</direccion>
		<email>maria@gmail.com</email>
		<dpto>Campras</dpto>
		<sueldo>60000</sueldo>
	</empleado>
</empleados>