<?xml version="1.0" encoding="UTF-8"?>
<beans xmlns="http://www.springframework.org/schema/beans"
	xmlns:xsi="http://www.w3.org/2001/XMLSchema-instance"
	xsi:schemaLocation="http://www.springframework.org/schema/beans 
	https://www.springframework.org/schema/beans/spring-beans-4.3.xsd">

	<bean id="empleado1" class="com.example.modelo.Empleado">
		<property name="numeroEmpleado" value="127" />
		<property name="nombre" value="Juan" />
		<property name="apellido" value="Lopez" />
		<property name="esJefe" value="false" />
		<property name="sueldo" value="38000" />
	</bean>
	
	<bean id="empleado2" class="com.example.modelo.Empleado">
		<property name="numeroEmpleado">
			<value type="int">128</value>
		</property>
		<property name="nombre">
			<value type="java.lang.String">Maria</value>
		</property>
		<property name="apellido">
			<value type="java.lang.String">Rodriguez</value>
		</property>
		<property name="esJefe">
			<value type="boolean">true</value>
		</property>
		<property name="sueldo">
			<value type="double">65000</value>
		</property>
	</bean>
	<!-- El problema es que tengo que saber el orden de los argumentos -->
	<!-- Empleado empleado3 = 
		new Empleado(129, "Jorge", "Ramirez", false, 28000) -->
	<bean id="empleado3" class="com.example.modelo.Empleado">
		<constructor-arg value="129" />
		<constructor-arg value="Jorge" />
		<constructor-arg value="Ramirez" />
		<constructor-arg value="false" />
		<constructor-arg value="28000" />
	</bean>
	
	<bean id="empleado4" class="com.example.modelo.Empleado">
		<constructor-arg type="int" value="129" />
		<constructor-arg type="java.lang.String" value="Jorge" />
		<constructor-arg type="java.lang.String" value="Ramirez" />
		<constructor-arg type="boolean" value="false" />
		<constructor-arg type="double" value="28000" />
	</bean>
	
	<bean id="empleado5" class="com.example.modelo.Empleado">
		<constructor-arg index="0" value="129" />
		<constructor-arg index="1" value="Jorge" />
		<constructor-arg index="2" value="Ramirez" />
		<constructor-arg index="3" value="false" />
		<constructor-arg index="4" value="28000" />
	</bean>
	
	<bean id="empleado6" class="com.example.modelo.Empleado">
		<constructor-arg name="numeroEmpleado" value="129" />
		<constructor-arg name="nombre" value="Jorge" />
		<constructor-arg name="apellido" value="Ramirez" />
		<constructor-arg name="esJefe" value="false" />
		<constructor-arg name="sueldo" value="28000" />
	</bean>
	
	
</beans>







