<?xml version="1.0" encoding="UTF-8"?>
<!DOCTYPE hibernate-mapping PUBLIC "-//Hibernate/Hibernate Mapping DTD 3.0//EN" "http://hibernate.sourceforge.net/hibernate-mapping-3.0.dtd">
<hibernate-mapping>
    <class name="app.modelo.Vehiculo" table="vehiculos">
        <id column="ID" name="id" type="long">
            <generator class="native"/>
        </id>
        <!--  discriminator siempre a continuacion del id  -->
        <discriminator column="DISCRIMINADOR" type="string" length="6" />

        <property column="MODELO" name="modelo" type="string"/>
        <property column="VELOCIDAD" name="velocidad" type="float"/>
        <property column="POTENCIA" name="potencia" type="integer"/>

        <subclass extends="app.modelo.Vehiculo" name="app.modelo.Camion" discriminator-value="CAMION" >
            <property column="TARA" name="tara" type="integer"/>
            <property column="PMA" name="pma" type="integer"/>
        </subclass>

        <subclass extends="app.modelo.Vehiculo" name="app.modelo.Coche" discriminator-value="COCHE" >
            <property column="PUERTAS" name="puertas" type="integer"/>
            <property column="LONGITUD" name="longitud" type="float"/>
        </subclass>
    
    </class>
</hibernate-mapping>
