<?xml version="1.0" encoding="UTF-8"?>
<beans xmlns="http://www.springframework.org/schema/beans"
	xmlns:xsi="http://www.w3.org/2001/XMLSchema-instance"
	xmlns:security="http://www.springframework.org/schema/security"
	xsi:schemaLocation="http://www.springframework.org/schema/beans 
	http://www.springframework.org/schema/beans/spring-beans.xsd
		http://www.springframework.org/schema/security 
		http://www.springframework.org/schema/security/spring-security-3.1.xsd">

	<security:http auto-config="true">
		<!-- Todas las peticiones requieren de autenticacion
			solo los usuarios con ROLE_ADMIN tienen acceso a alta
			los que tienen ROLE_USER tienen acceso a todos y buscar -->
			<security:intercept-url pattern="/alta" access="ROLE_ADMIN"/>
			<security:intercept-url pattern="/todos" access="ROLE_USER"/>
			<security:intercept-url pattern="/buscar" access="ROLE_USER"/>
	</security:http>

	<security:authentication-manager>
		<security:authentication-provider>
			<security:user-service>
				<security:user name="juan" password="pw123" 
					authorities="ROLE_USER"/>
				<security:user name="maria" password="pw456" 
					authorities="ROLE_ADMIN"/>
			</security:user-service>
		</security:authentication-provider>
	</security:authentication-manager>

</beans>







