<?xml version="1.0" encoding="UTF-8"?>
<flow xmlns="http://www.springframework.org/schema/webflow"
	xmlns:xsi="http://www.w3.org/2001/XMLSchema-instance"
	xsi:schemaLocation="http://www.springframework.org/schema/webflow
        http://www.springframework.org/schema/webflow/spring-webflow-2.0.xsd"
        start-state="entrada">

	<view-state id="entrada" view="inicio">
		<transition on="ok1" to="intermedio" />
	</view-state>
	
	<view-state id="intermedio" view="medio">
	    <transition on="volver" to="entrada" />
		<transition on="ok2" to="fin"/>
	</view-state>
	
	<end-state id="fin" view="final" />

</flow>