<?xml version="1.0"?>
<!DOCTYPE hibernate-mapping PUBLIC "-//Hibernate/Hibernate Mapping DTD 3.0//EN"
"http://hibernate.sourceforge.net/hibernate-mapping-3.0.dtd">
<!-- Generated 05-nov-2020 17:39:25 by Hibernate Tools 3.5.0.Final -->
<hibernate-mapping>
    <class name="com.example.persistence.Persona" table="Ejemplo6_Personas">
    
  		<id name="id" column="PERSONA_ID" type="integer">
  			<generator class="assigned" /> <!-- Con native no funciona esta estrategia -->
  		</id>
  		       
        <property name="nombre" type="string" column="NOMBRE" />
        
        <property name="apellido" type="string" column="APELLIDO" />
        
        <union-subclass name="com.example.persistence.Alumno" 
        		extends="com.example.persistence.Persona" 
        		table="Ejemplo6_Alumnos">
        		<property name="curso" type="string" column="CURSO"/>
        </union-subclass>
        
        <union-subclass name="com.example.persistence.Profesor" 
        		extends="com.example.persistence.Persona" 
        		table="Ejemplo6_Profesores">
        		<property name="titulacion" type="string" column="TITULACION"/>
        </union-subclass>
             
    </class>
</hibernate-mapping>







