<?xml version="1.0" encoding="UTF-8"?>
<!DOCTYPE hibernate-mapping PUBLIC "-//Hibernate/Hibernate Mapping DTD 3.0//EN" "http://hibernate.sourceforge.net/hibernate-mapping-3.0.dtd">
<hibernate-mapping>
  <class name="app.modelo.Vehiculo" table="vehiculos">
    <id column="ID" name="id" type="long">
      <generator class="native"/>
    </id>
    <property column="MODELO" name="modelo" type="string"/>
    <property column="VELOCIDAD" name="velocidad" type="float"/>
    <property column="POTENCIA" name="potencia" type="integer"/>

    <joined-subclass extends="app.modelo.Vehiculo" name="app.modelo.Camion" table="camiones">
      <key column="ID"/>
      <property column="TARA" name="tara" type="integer"/>
      <property column="PMA" name="pma" type="integer"/>
    </joined-subclass>

    <joined-subclass extends="app.modelo.Vehiculo" name="app.modelo.Coche" table="coches">
      <key column="ID"/>
      <property column="PUERTAS" name="puertas" type="integer"/>
      <property column="LONGITUD" name="longitud" type="float"/>
    </joined-subclass>
    
  </class>
</hibernate-mapping>
