<?xml version="1.0" encoding="UTF-8"?>
<beans xmlns="http://www.springframework.org/schema/beans"
	xmlns:xsi="http://www.w3.org/2001/XMLSchema-instance"
	xsi:schemaLocation="http://www.springframework.org/schema/beans 
	https://www.springframework.org/schema/beans/spring-beans-4.3.xsd">

	<bean id="empleado1" class="com.example.modelo.Empleado">
		<property name="numeroEmpleado" value="127" />
		<property name="nombre" value="Juan" />
		<property name="apellido" value="Lopez" />
		<property name="esJefe" value="false" />
		<property name="sueldo" value="38000" />
	</bean>
	
	<bean id="empleado2" class="com.example.modelo.Empleado">
		<property name="numeroEmpleado">
			<value type="int">128</value>
		</property>
		<property name="nombre">
			<value type="java.lang.String">Maria</value>
		</property>
		<property name="apellido">
			<value type="java.lang.String">Rodriguez</value>
		</property>
		<property name="esJefe">
			<value type="boolean">true</value>
		</property>
		<property name="sueldo">
			<value type="double">65000</value>
		</property>
	</bean>
	
	<bean id="empresa" class="com.example.modelo.Empresa">
		<property name="empleados">
			<list value-type="com.example.modelo.Empleado">
				<ref bean="empleado1"/>
				<ref bean="empleado2"/>
				
				<!-- Bean interno -->
				<bean id="empleado3" class="com.example.modelo.Empleado">
					<property name="numeroEmpleado" value="129" />
					<property name="nombre" value="Manuel" />
					<property name="apellido" value="Fernandez" />
					<property name="esJefe" value="false" />
					<property name="sueldo" value="39000" />
				</bean>
				
				<!-- Bean anonimo -->
				<bean class="com.example.modelo.Empleado">
					<property name="numeroEmpleado" value="130" />
					<property name="nombre" value="Laura" />
					<property name="apellido" value="Arias" />
					<property name="esJefe" value="true" />
					<property name="sueldo" value="72000" />
				</bean>				
			</list>
		</property>
		
		<property name="proyectos">
			<set value-type="java.lang.String">
				<value>Santander</value>
				<value>Mercadona</value>
				<value>Gas Natural</value>
			</set>
		</property>
		
		<property name="equipos">
			<array>
				<ref bean="empleado1"/>
				<ref bean="empleado2"/>
			</array>
		</property>
		
		<property name="jefesProyecto">
			<map key-type="java.lang.String" value-type="com.example.modelo.Empleado">
				<entry  key="Santander" value-ref="empleado2"/>
				<entry  key="Mercadona" value-ref="empleado2"/>
				<entry  key="Gas Natural" value-ref="empleado1"/>
			</map>
		</property>
		
		<!--     
		<property name="emails">
			<props>
				<prop key="Juan">juan@gmail.com</prop>
				<prop key="Maria">maria@gmail.com</prop>
			</props>
		</property>
		 -->
		
		<property name="emails">
			<value>
				Juan=juan@gmail.com
				Maria=maria@gmail.com
			</value>	
		</property>
	</bean>
	
	
	
</beans>




