<?xml version="1.0" encoding="UTF-8"?>
<beans xmlns="http://www.springframework.org/schema/beans"
	xmlns:xsi="http://www.w3.org/2001/XMLSchema-instance"
	xmlns:context="http://www.springframework.org/schema/context"
	xmlns:mvc="http://www.springframework.org/schema/mvc"
	xsi:schemaLocation="http://www.springframework.org/schema/mvc 
	http://www.springframework.org/schema/mvc/spring-mvc-4.3.xsd
		http://www.springframework.org/schema/beans 
		http://www.springframework.org/schema/beans/spring-beans-4.3.xsd
		http://www.springframework.org/schema/context 
		http://www.springframework.org/schema/context/spring-context-4.3.xsd">

	<context:annotation-config />
	<context:component-scan base-package="com.example" />
	
	<mvc:annotation-driven />
	
	<import resource="bbddApplication.xml"/>
	<import resource="flujosApplication.xml"/>

	<!-- Para que pueda cargar todo el contenido estatico de la carpeta static
	imagenes, css, ...etc -->
	<mvc:resources location="/static/" mapping="/static/**" />
	
	<!-- Bean para reconocer los archivos de propiedades -->
	<!-- El id debe ser messageSource obligatorio -->
	<bean id="messageSource" 
		class="org.springframework.context.support.ResourceBundleMessageSource">
		<property name="basename" value="mensajes" />
	</bean>
	
	<!-- El id debe ser localeResolver obligatorio -->
	<bean id="localeResolver" 
		class="org.springframework.web.servlet.i18n.CookieLocaleResolver" />
		
	<mvc:interceptors>
		<bean class="org.springframework.web.servlet.i18n.LocaleChangeInterceptor" />
	</mvc:interceptors>	


	 
    
    

</beans>
