<?xml version="1.0" encoding="UTF-8"?>
<flow xmlns="http://www.springframework.org/schema/webflow"
	xmlns:xsi="http://www.w3.org/2001/XMLSchema-instance"
	xsi:schemaLocation="http://www.springframework.org/schema/webflow
        http://www.springframework.org/schema/webflow/spring-webflow-2.0.xsd"
        start-state="entrada">

	<view-state id="entrada" view="inicio">
		<transition on="ok1" to="guardarTexto" />
	</view-state>
	
	<action-state id="guardarTexto">
		<evaluate expression="requestParameters.textoMin"
		          result-type="string" result="flowScope.texto" />
		<transition to="procesar"/>          
	</action-state>
	
	<action-state id="procesar">
		<evaluate expression="procesador.convertirMayusculas(texto)" 
		          result-type="string" result="flowScope.resultado" />
		   <transition to="fin" />
	</action-state>
	
	<end-state id="fin" view="final" />

</flow>