<?xml version="1.0" encoding="UTF-8"?>

<!DOCTYPE hibernate-mapping PUBLIC
  "-//Hibernate/Hibernate Mapping DTD 3.0//EN"
  "http://hibernate.sourceforge.net/hibernate-mapping-3.0.dtd">

<hibernate-mapping>

    <class name="app.persistencia.Libro" table="libros">

        <!--  Clave primaria compuesta. De varios campos  -->
        <composite-id name="libroPk" class="app.persistencia.LibroPK">
            <key-property name="titulo" column="TITULO" type="string" />
            <key-property name="autor" column="AUTOR" type="string" />
        </composite-id>

        <property name="descripcion" column="DESCRIPCION" type="string"
                  not-null="false" unique="false" length="50" lazy="false"/>

        <property name="resumen" column="RESUMEN" type="string"
                  not-null="false" unique="false" length="50" lazy="false"/>

    </class>

</hibernate-mapping>
