<?xml version="1.0" encoding="UTF-8"?>
<!DOCTYPE hibernate-configuration PUBLIC "-//Hibernate/Hibernate Configuration DTD 3.0//EN"
                                         "http://www.hibernate.org/dtd/hibernate-configuration-3.0.dtd">
<hibernate-configuration>
 <session-factory >
  <property name="hibernate.connection.driver_class">com.mysql.jdbc.Driver</property>
  <property name="hibernate.connection.url">jdbc:mysql://localhost:3306/EjemplosHibernate</property>
  <property name="hibernate.connection.username">root</property>
  <property name="hibernate.dialect">org.hibernate.dialect.MySQL5InnoDBDialect</property>
  <property name="hibernate.show_sql">true</property>
  <property name="hibernate.hbm2ddl.auto">create</property>
  <mapping resource="com/example/mapeos/Persona.hbm.xml"/>
  <mapping resource="com/example/mapeos/Nif.hbm.xml"/>
  <mapping resource="com/example/mapeos/Coche.hbm.xml"/>
  <mapping resource="com/example/mapeos/Telefono.hbm.xml"/>
 </session-factory>
</hibernate-configuration>
