<?xml version="1.0" encoding="UTF-8"?>
<beans xmlns="http://www.springframework.org/schema/beans"
	xmlns:xsi="http://www.w3.org/2001/XMLSchema-instance"
	xmlns:aop="http://www.springframework.org/schema/aop"
	xsi:schemaLocation="http://www.springframework.org/schema/beans 
	https://www.springframework.org/schema/beans/spring-beans-4.3.xsd
		http://www.springframework.org/schema/aop 
		https://www.springframework.org/schema/aop/spring-aop-4.3.xsd">
		
		<bean id="aeropuerto" class="com.example.negocio.Aeropuerto" />
		<bean id="aspectos" class="com.example.servicios.Aspectos" />
		
		<aop:config>
			<aop:pointcut  id="pc"
			expression="execution (* com.example.negocio.Aeropuerto.viajar(..))"/>
			
			<aop:aspect ref="aspectos">
				<aop:before method="facturar" pointcut-ref="pc"/>
				<aop:before method="pasarControl" pointcut-ref="pc"/>
				<aop:before method="embarcar" pointcut-ref="pc"/>		
				<aop:after method="aterrizar" pointcut-ref="pc"/>
				<aop:after-returning method="recogerEquipaje" pointcut-ref="pc"/>
				<aop:after-throwing method="emergencia" pointcut-ref="pc"/>
				<aop:around method="medirTiempo" pointcut-ref="pc"/>
			</aop:aspect>
		</aop:config>


</beans>








