<?xml version="1.0" encoding="UTF-8"?>
<beans xmlns="http://www.springframework.org/schema/beans"
	xmlns:context="http://www.springframework.org/schema/context"
	xmlns:xsi="http://www.w3.org/2001/XMLSchema-instance"
	xsi:schemaLocation="http://www.springframework.org/schema/beans 
	https://www.springframework.org/schema/beans/spring-beans-4.3.xsd
	http://www.springframework.org/schema/context 
	https://www.springframework.org/schema/context/spring-context-4.3.xsd">

	<!-- Para que Spring reconozca las anotaciones -->
	<context:annotation-config />
	
	<!-- lazy-init="true" es un lazy y generara el bean en el momento
	que se solicite. -->
	<bean id="empleado1" class="com.example.modelo.Empleado" 	
		lazy-init="true" >
		<property name="numeroEmpleado" value="127" />
		<property name="nombre" value="Juan" />
		<property name="apellido" value="Lopez" />
		<property name="esJefe" value="false" />
		<property name="sueldo" value="38000" />
	</bean>
	
	<!-- lazy-init="false" es un eager, por lo tanto se crea el bean al
	arrancar el contento de Spring -->
	<bean id="empleado2" class="com.example.modelo.Empleado" 
		lazy-init="false">
		<property name="numeroEmpleado">
			<value type="int">128</value>
		</property>
		<property name="nombre">
			<value type="java.lang.String">Maria</value>
		</property>
		<property name="apellido">
			<value type="java.lang.String">Rodriguez</value>
		</property>
		<property name="esJefe">
			<value type="boolean">true</value>
		</property>
		<property name="sueldo">
			<value type="double">65000</value>
		</property>
	</bean>
</beans>




