<?xml version="1.0" encoding="UTF-8"?>
<flow xmlns="http://www.springframework.org/schema/webflow"
	xmlns:xsi="http://www.w3.org/2001/XMLSchema-instance"
	xsi:schemaLocation="http://www.springframework.org/schema/webflow
        http://www.springframework.org/schema/webflow/spring-webflow-2.0.xsd"
	start-state="entrada">

	<view-state id="entrada" view="inicio">
		<transition on="ok1" to="entradaSubflujo" />
	</view-state>
	
	<subflow-state id="entradaSubflujo" subflow="subflujo">
		<output name="numero"/>
		<transition to="comprobarNumero"/>
	</subflow-state>
	
	<decision-state id="comprobarNumero">
	  <if test="validador.comprobar(numero)" 
	      then="numeroPar" else="numeroImpar"/>
	</decision-state>
	
	<view-state id="numeroPar" view="mostrarPar">
		<transition on="ok2" to="fin"/>
	</view-state>
	
	<view-state id="numeroImpar" view="mostrarImpar">
		<transition on="ok2" to="fin"/>
	</view-state>
	
	<end-state id="fin" view="final" />

	
</flow>