<?xml version="1.0" encoding="UTF-8"?>
<beans xmlns="http://www.springframework.org/schema/beans"
	xmlns:xsi="http://www.w3.org/2001/XMLSchema-instance"
	xsi:schemaLocation="http://www.springframework.org/schema/beans 
	https://www.springframework.org/schema/beans/spring-beans-4.3.xsd">

	<!-- El name es un nombre alternativo al id del bean -->
	<bean id="tallerPintura" name="pintura"
		class="com.example.negocio.TallerPintura" />
	
	<!-- El alias es lo mismo solo que sera una etiqueta en vez de atributo -->
	<bean id="tallerMecanica" name="otro" class="com.example.negocio.TallerMecanica" />
	<!-- El name es el id o el name del bean  -->
	<alias name="otro" alias="mecanica"/>
	
	<!-- Coche coche = new Coche();
		 coche.setModelo("A5"); 
		 coche.setMatricula("1225-GJS"); -->
	<bean id="coche" class="com.example.modelo.Coche">
		<property name="modelo" value="A5" />
		<property name="matricula" value="1225-GJS" />
	</bean>
	
	<bean id="aseguradora" class="com.example.negocio.Aseguradora">
		<property name="nombre" value="Mapfre" />
		<!-- En ref puedo poner el id del bean, el name o el alias -->
		<property name="taller" ref="pintura" />
	</bean>
		

</beans>
