<?xml version="1.0"?>
<!DOCTYPE hibernate-mapping PUBLIC "-//Hibernate/Hibernate Mapping DTD 3.0//EN"
"http://hibernate.sourceforge.net/hibernate-mapping-3.0.dtd">
<!-- Generated 05-nov-2020 17:39:25 by Hibernate Tools 3.5.0.Final -->
<hibernate-mapping>
    <class name="com.example.persistence.Pedido" table="Ejemplo3_Pedidos">
    
    		<!--  PK Compuesta, siempre al principio -->
    		<composite-id name="pedidoPK" class="com.example.persistence.PedidoPK">
            <key-property name="numPedido" column="NUMERO_PEDIDO" 
            		type="integer"/>
            <key-property name="codigoProducto" column="CODIGO_PRODUCTO" 
            		type="integer"/>
        </composite-id>
        
        <property name="cantidad" type="integer">
            <column name="CANTIDAD" />
        </property>
    
        <property name="precio" type="double">
            <column name="PRECIO" />
        </property>
             
    </class>
</hibernate-mapping>
