<?xml version="1.0" encoding="UTF-8"?>
<beans xmlns="http://www.springframework.org/schema/beans"
	xmlns:xsi="http://www.w3.org/2001/XMLSchema-instance"
	xsi:schemaLocation="http://www.springframework.org/schema/beans 
	https://www.springframework.org/schema/beans/spring-beans-4.3.xsd">

	<!-- autowire-candidate="false". Este bean sera excluido para
	inyectarse automaticamente en el bean aseguradora -->
	<bean id="tallerPintura" class="com.example.negocio.TallerPintura" 
		autowire-candidate="false"/>
	
	<!-- Si el bean tiene el mismo nombre que la propiedad
	  en la clase Aseguradora se inyectara automaticamente con
	  autowire = "byName" -->
	<bean id="taller" class="com.example.negocio.TallerMecanica" />
	
	<bean id="coche" class="com.example.modelo.Coche">
		<property name="modelo" value="A5" />
		<property name="matricula" value="1225-GJS" />
	</bean>
	
	<!-- byName -> buscara un bean cuyo id seaw igual que la propiedad
	     byType -> buscara un bean que sea del mismo tipo que la propiedad 
	     no (default) ->  no se autoinyecta 
	     constructor -> inyecta por constructor buscando por nombre o por tipo -->
	<bean id="aseguradora" class="com.example.negocio.Aseguradora"
	 	autowire="byType">
		<property name="nombre" value="Mapfre" />
		<!-- property name="taller" ref="tallerPintura" />  -->
	</bean>
	
	

</beans>
