<?xml version="1.0" encoding="UTF-8"?>
<flow xmlns="http://www.springframework.org/schema/webflow"
	xmlns:xsi="http://www.w3.org/2001/XMLSchema-instance"
	xsi:schemaLocation="http://www.springframework.org/schema/webflow
        http://www.springframework.org/schema/webflow/spring-webflow-2.0.xsd"
        start-state="entrada">

	<view-state id="entrada" view="inicio">
		<transition on="ok1" to="guardarNumero" />
	</view-state>
	
	<action-state id="guardarNumero">
		<evaluate expression="requestParameters.num"
		          result-type="int" result="flowScope.numero" />
		<transition to="comprobarNumero"/>          
	</action-state>
	
	<decision-state id="comprobarNumero">
	  <if test="validador.comprobar(numero)" 
	      then="numeroPar" else="numeroImpar"/>
	</decision-state>
	
	<view-state id="numeroPar" view="mostrarPar">
		<transition on="ok2" to="fin"/>
	</view-state>
	
	<view-state id="numeroImpar" view="mostrarImpar">
		<transition on="ok2" to="fin"/>
	</view-state>
	
	<end-state id="fin" view="final" />

</flow>