<?xml version="1.0" encoding="UTF-8"?>
<beans xmlns="http://www.springframework.org/schema/beans"
	xmlns:xsi="http://www.w3.org/2001/XMLSchema-instance"
	xmlns:tx="http://www.springframework.org/schema/tx"
	xsi:schemaLocation="http://www.springframework.org/schema/beans 
	http://www.springframework.org/schema/beans/spring-beans.xsd
		http://www.springframework.org/schema/tx 
		http://www.springframework.org/schema/tx/spring-tx-4.3.xsd">
	
	<bean id="miDataSource"
	 class="org.springframework.jdbc.datasource.DriverManagerDataSource">
	 	<property name="driverClassName" value="com.mysql.jdbc.Driver" />
	 	<property name="url" value="jdbc:mysql://localhost:3306/LaraDB" />
	 	<property name="username" value="root" />
	 	<property name="password" value="" />
	</bean>
	
	<bean id="sessionFactory"
		class="org.springframework.orm.hibernate5.LocalSessionFactoryBean">
		<property name="dataSource" ref="miDataSource" />
		<property name="mappingResources">
			<list>
				<value>com/example/persistencia/ProductoDO.hbm.xml</value>
			</list>
		</property>
		<property name="hibernateProperties">
			<props>
				<prop key="hibernate.dialect">
					org.hibernate.dialect.MySQL5InnoDBDialect
				</prop>
				<prop key="hibernate.show_sql">true</prop>
				<prop key="hibernate.hbm2ddl.auto">validate</prop>
			</props>
		</property>
	</bean>
	
	
	
</beans>

















