<?xml version="1.0" encoding="UTF-8"?>
<beans xmlns="http://www.springframework.org/schema/beans"
	xmlns:xsi="http://www.w3.org/2001/XMLSchema-instance"
	xsi:schemaLocation="http://www.springframework.org/schema/beans 
	https://www.springframework.org/schema/beans/spring-beans-4.3.xsd">

	<!-- Crear un bean para cargar el archivo de propiedades -->
	<bean class="org.springframework.beans.factory.config.PropertyPlaceholderConfigurer">
		<property name="locations">
			<list>
				<value>classpath:config/data-source.properties</value>
			</list>
		</property>
		<property name="ignoreUnresolvablePlaceholders" value="true" />
	</bean>
	
	<bean id="datosConexion" class="com.example.persistencia.DatosConexion">
		<property name="driver" value="${driver}" />
		<property name="url" value="${url}" />
		<property name="user" value="${usuario}" />
		<property name="password" value="${pw}" />
	</bean>

</beans>








