<?xml version="1.0"?>
<!DOCTYPE hibernate-mapping PUBLIC "-//Hibernate/Hibernate Mapping DTD 3.0//EN"
"http://hibernate.sourceforge.net/hibernate-mapping-3.0.dtd">
<!-- Generated 05-nov-2020 17:39:25 by Hibernate Tools 3.5.0.Final -->
<hibernate-mapping>
    <class name="com.example.persistence.Coche" table="Ejemplo7_Coches">
    
  		<id name="id" column="COCHE_ID" type="long">
  			<generator class="native" /> 
  		</id>
  		       
        <property name="matricula" type="string" column="MATRICULA" />
        
        <property name="modelo" type="string" column="MODELO" />
        
        <set name="propietarios" table="Ejemplo7_Personas_Coches" 
        		inverse="true" cascade="save-update,merge,refresh">
        		<key column="ID_COCHE" /> <!-- FK creada en la tabla intermedia -->
        		<many-to-many column="ID_PERSONA" 
        				class="com.example.persistence.Persona"/>
        </set>
             
    </class>
</hibernate-mapping>







