<?xml version="1.0"?>
<!DOCTYPE hibernate-mapping PUBLIC "-//Hibernate/Hibernate Mapping DTD 3.0//EN"
"http://hibernate.sourceforge.net/hibernate-mapping-3.0.dtd">
<!-- Generated 05-nov-2020 17:39:25 by Hibernate Tools 3.5.0.Final -->
<hibernate-mapping>
    <class name="com.example.persistence.Nif" table="Ejemplo7_Nifs">
    
  		<id name="id" column="NIF_ID" type="long">
  			<generator class="native" /> 
  		</id>
  		       
        <property name="numero" type="long" column="NUMERO" />
        
        <property name="letra" type="character" column="LETRA" />
        
        <one-to-one name="persona" class="com.example.persistence.Persona"
        		property-ref="nif"/>
             
    </class>
</hibernate-mapping>







