<?xml version="1.0"?>
<!DOCTYPE hibernate-mapping PUBLIC "-//Hibernate/Hibernate Mapping DTD 3.0//EN"
"http://hibernate.sourceforge.net/hibernate-mapping-3.0.dtd">
<!-- Generated 05-nov-2020 17:39:25 by Hibernate Tools 3.5.0.Final -->
<hibernate-mapping>
    <class name="com.example.persistence.Persona" table="Ejemplo7_Personas">
    
  		<id name="id" column="PERSONA_ID" type="long">
  			<generator class="native" />
  		</id>
  		       
        <property name="nombre" type="string" column="NOMBRE" />
        
        <property name="apellido" type="string" column="APELLIDO" />
        
        <!-- unique="true" esto es lo que marca como relaccion one-to-one -->
        <many-to-one unique="true" name="nif" column="ID_NIF" 
        		cascade="all"/>
        
        <set name="telefonos" cascade="all">
        		<key column="ID_PERSONA" /> <!-- FK creada en Telefono -->
        		<one-to-many class="com.example.persistence.Telefono"/>
        </set>
        
        <set name="coches" table="Ejemplo7_Personas_Coches" 
        		cascade="save-update,merge,refresh">
        		<key column="ID_PERSONA" /> <!-- FK creada en la tabla intermedia -->
        		<many-to-many column="ID_COCHE" class="com.example.persistence.Coche"/>
        </set>
             
    </class>
</hibernate-mapping>




















