<?xml version="1.0" encoding="UTF-8"?>

<!DOCTYPE hibernate-mapping PUBLIC
  "-//Hibernate/Hibernate Mapping DTD 3.0//EN"
  "http://hibernate.sourceforge.net/hibernate-mapping-3.0.dtd">

<hibernate-mapping>

    <class name="app.modelo.Escuderia" table="ejemplo3_escuderias">
        <id name="id" column="ID_ESCUDERIA" type="long">
            <generator class="native" />
        </id>

        <property name="nombre" column="NOMBRE" type="string" />
        <property name="pais" column="PAIS" type="string" />

        <set name="pilotos" inverse="true">
            <key column="ID_ESCUDERIA"/>
            <one-to-many class="app.modelo.Piloto"/>
        </set>

    </class>

</hibernate-mapping>
