<?xml version="1.0" encoding="UTF-8"?>

<!DOCTYPE hibernate-mapping PUBLIC
  "-//Hibernate/Hibernate Mapping DTD 3.0//EN"
  "http://hibernate.sourceforge.net/hibernate-mapping-3.0.dtd">

<hibernate-mapping>

    <class name="app.modelo.Facturacion" table="ejemplo3_facturaciones">

        <id name="id" column="ID_FACTURACION" type="long">
            <generator class="native" />
        </id>

        <property name="sueldo" column="SUELDO" type="integer" />
        <property name="publicidad" column="PUBLICIDAD" type="integer" />

        <one-to-one name="piloto" class="app.modelo.Piloto"
                    property-ref="facturacion"/>
    </class>

</hibernate-mapping>
