<?xml version="1.0" encoding="UTF-8"?>

<!DOCTYPE hibernate-mapping PUBLIC
  "-//Hibernate/Hibernate Mapping DTD 3.0//EN"
  "http://hibernate.sourceforge.net/hibernate-mapping-3.0.dtd">

<hibernate-mapping>

    <class name="app.modelo.Temporada" table="ejemplo3_temporadas">

        <id name="id" column="ID_TEMPORADA" type="long">
            <generator class="native" />
        </id>

        <property name="inicio" column="INICIO" type="integer" />
        <property name="fin" column="FIN" type="integer" />

        <set name="pilotos" inverse="true" table="ejemplo3_pilotos_temporadas"
                 cascade="persist,refresh,save-update,merge">
            <key column="ID_TEMPORADA"/>
            <many-to-many column="ID_PILOTO"
                          class="app.modelo.Piloto"/>
        </set>

    </class>

</hibernate-mapping>
