<?xml version="1.0"?>
<!DOCTYPE hibernate-mapping PUBLIC "-//Hibernate/Hibernate Mapping DTD 3.0//EN"
"http://hibernate.sourceforge.net/hibernate-mapping-3.0.dtd">
<!-- Generated 05-nov-2020 17:39:25 by Hibernate Tools 3.5.0.Final -->
<hibernate-mapping>
    <class name="com.example.persistence.Persona" table="Ejemplo1_Personas">
    
    		<!--  PK Simple, siempre al principio -->
    		<id name="nif" type="string">
            <column name="NIF" />
            <generator class="assigned" />
        </id>
        
        <property name="nombre" type="string">
            <column name="NOMBRE" />
        </property>
    
        <property name="apellido" type="string">
            <column name="APELLIDO" />
        </property>
             
        <property name="edad" type="integer">
            <column name="EDAD" />
        </property>
        
        <property name="sexo" type="char">
            <column name="SEXO" />
        </property>
        
        <component name="direccion" class="com.example.persistence.Direccion">
           <property name="calle" column="CALLE" type="string" />
           <property name="numero" column="NUMERO" type="integer" />
           <property name="poblacion" column="POBLACION" type="string" />
        </component>
        
        <property name="estadoCivil">
            <column name="ESTADO_CIVIL" />
            <type name="org.hibernate.type.EnumType">
                <param name="useNamed">true</param>
                <param name="enumClass">com.example.persistence.EstadoCivil</param>
            </type>
        </property>
        
        <property name="fechaNacimiento" type="date">
            <column name="FECHA_NACIMIENTO" />
        </property>
        
        <property name="cv" type="string">
            <column name="CV" />
        </property>
    </class>
</hibernate-mapping>
