<?xml version="1.0" encoding="UTF-8"?>
<beans xmlns="http://www.springframework.org/schema/beans"
	xmlns:xsi="http://www.w3.org/2001/XMLSchema-instance"
	xsi:schemaLocation="http://www.springframework.org/schema/beans 
	http://www.springframework.org/schema/beans/spring-beans.xsd">

	<bean id="miDataSource"
	 class="org.springframework.jdbc.datasource.DriverManagerDataSource">
	 	<property name="driverClassName" value="com.mysql.jdbc.Driver" />
	 	<property name="url" value="jdbc:mysql://localhost:3306/LaraDB" />
	 	<property name="username" value="root" />
	 	<property name="password" value="" />
	</bean>
	
	<bean id="template" 
		class="org.springframework.jdbc.core.namedparam.NamedParameterJdbcTemplate">
		<constructor-arg ref="miDataSource" />
	</bean>
	
	<bean id="mapeador" class="vegas.anabel.persistencia.MapeadorAlumno" />
	
	<bean id="dao" class="vegas.anabel.persistencia.AlumnosDAO">
		<property name="template" ref="template" />
		<property name="mapeadorAlumno" ref="mapeador" />
	</bean>

</beans>



