<?xml version="1.0" encoding="UTF-8"?>
<beans xmlns="http://www.springframework.org/schema/beans"
	xmlns:xsi="http://www.w3.org/2001/XMLSchema-instance"
	xsi:schemaLocation="http://www.springframework.org/schema/beans 
	http://www.springframework.org/schema/beans/spring-beans.xsd">

	<!-- Siempre se declara independientemente del modelo de Tx elegido -->
	<bean id="txManager" 
		class="org.springframework.jdbc.datasource.DataSourceTransactionManager">
		<property name="dataSource" ref="miDataSource" />
	</bean>

	<!-- Solo para tx programticas -->
	<bean id="txTemplate" 
		class="org.springframework.transaction.support.TransactionTemplate">
		<property name="transactionManager" ref="txManager" />
	</bean>
	
	<bean id="miDataSource"
	 class="org.springframework.jdbc.datasource.DriverManagerDataSource">
	 	<property name="driverClassName" value="com.mysql.jdbc.Driver" />
	 	<property name="url" value="jdbc:mysql://localhost:3306/LaraDB" />
	 	<property name="username" value="root" />
	 	<property name="password" value="" />
	</bean>
	
	<bean id="template" class="org.springframework.jdbc.core.JdbcTemplate">
		<property name="dataSource" ref="miDataSource" />
	</bean>
	
	<bean id="mapeador" class="vegas.anabel.persistencia.MapeadorAlumno" />
	
	<bean id="dao" class="vegas.anabel.persistencia.AlumnosDAO">
		<property name="template" ref="template" />
		<property name="mapeadorAlumno" ref="mapeador" />
		<property name="transactionTemplate" ref="txTemplate" />
	</bean>

</beans>



