<?xml version="1.0"?>
<!DOCTYPE hibernate-mapping PUBLIC "-//Hibernate/Hibernate Mapping DTD 3.0//EN"
"http://hibernate.sourceforge.net/hibernate-mapping-3.0.dtd">
<!-- Generated 05-nov-2020 17:39:25 by Hibernate Tools 3.5.0.Final -->
<hibernate-mapping>
    <class name="com.example.persistence.Persona" table="Ejemplo5_Personas">
    
  		<id name="id" column="PERSONA_ID" type="integer">
  			<generator class="native" />
  		</id>
  		       
        <property name="nombre" type="string" column="NOMBRE" />
        
        <property name="apellido" type="string" column="APELLIDO" />
        
        <joined-subclass name="com.example.persistence.Alumno" 
        		extends="com.example.persistence.Persona" 
        		table="Ejemplo5_Alumnos">
        		<key column="ALUMNO_ID" />
        		<property name="curso" type="string" column="CURSO"/>
        </joined-subclass>
        
        <joined-subclass name="com.example.persistence.Profesor" 
        		extends="com.example.persistence.Persona" 
        		table="Ejemplo5_Profesores">
        		<key column="PROFESOR_ID" />
        		<property name="titulacion" type="string" column="TITULACION"/>
        </joined-subclass>
             
    </class>
</hibernate-mapping>







