<?xml version="1.0" encoding="UTF-8"?>
<beans xmlns="http://www.springframework.org/schema/beans"
	xmlns:xsi="http://www.w3.org/2001/XMLSchema-instance"
	xsi:schemaLocation="http://www.springframework.org/schema/beans 
	https://www.springframework.org/schema/beans/spring-beans-4.3.xsd">

	<!-- TallerPintura tallerPintura = new TallerPintura(); -->
	<bean id="tallerPintura" class="com.example.negocio.TallerPintura" />
	
	<!-- TallerMecanica tallerMecanica = new TallerMecanica(); -->
	<bean id="tallerMecanica" class="com.example.negocio.TallerMecanica" />
	
	<!-- Coche coche = new Coche();
		 coche.setModelo("A5"); 
		 coche.setMatricula("1225-GJS"); -->
	<bean id="coche" class="com.example.modelo.Coche">
		<property name="modelo" value="A5" />
		<property name="matricula" value="1225-GJS" />
	</bean>
	
	<bean id="aseguradora" class="com.example.negocio.Aseguradora">
		<property name="nombre" value="Mapfre" />
		<property name="taller" ref="tallerPintura" />
	</bean>
	
	

</beans>
