<?xml version="1.0" encoding="UTF-8"?>
<beans xmlns="http://www.springframework.org/schema/beans"
	xmlns:c="http://www.springframework.org/schema/c" 
	xmlns:p="http://www.springframework.org/schema/p"
	xmlns:util="http://www.springframework.org/schema/util" 
	xmlns:xsi="http://www.w3.org/2001/XMLSchema-instance"
	xsi:schemaLocation="http://www.springframework.org/schema/beans 
	https://www.springframework.org/schema/beans/spring-beans-4.3.xsd
	http://www.springframework.org/schema/util 
	http://www.springframework.org/schema/util/spring-util-4.3.xsd">

	<bean id="empleado1" class="com.example.modelo.Empleado"
		c:numeroEmpleado="127" c:nombre="Juan" c:apellido="Lopez" c:esJefe="false"
		c:sueldo="38000" />

	<bean id="empleado2" class="com.example.modelo.Empleado"
		p:numeroEmpleado="127" p:nombre="Juan" p:apellido="Lopez" p:esJefe="false"
		p:sueldo="38000" />

	<util:list id="empleados" value-type="com.example.modelo.Empleado">
		<ref bean="empleado1" />
		<ref bean="empleado2" />

		<!-- Bean interno -->
		<bean id="empleado3" class="com.example.modelo.Empleado">
			<property name="numeroEmpleado" value="129" />
			<property name="nombre" value="Manuel" />
			<property name="apellido" value="Fernandez" />
			<property name="esJefe" value="false" />
			<property name="sueldo" value="39000" />
		</bean>

		<!-- Bean anonimo -->
		<bean class="com.example.modelo.Empleado">
			<property name="numeroEmpleado" value="130" />
			<property name="nombre" value="Laura" />
			<property name="apellido" value="Arias" />
			<property name="esJefe" value="true" />
			<property name="sueldo" value="72000" />
		</bean>
	</util:list>
	
	<util:set id="proyectos" value-type="java.lang.String">
		<value>Santander</value>
		<value>Mercadona</value>
		<value>Gas Natural</value>
	</util:set>
	
	<util:list id="equipos" value-type="com.example.modelo.Empleado">
		<ref bean="empleado1" />
		<ref bean="empleado2" />
	</util:list>
	
	<util:map id="jefesProyecto" key-type="java.lang.String"
		value-type="com.example.modelo.Empleado">
		<entry key="Santander" value-ref="empleado2" />
		<entry key="Mercadona" value-ref="empleado2" />
		<entry key="Gas Natural" value-ref="empleado1" />
	</util:map>
	
	<util:properties id="emails">
		<prop key="Juan">juan@gmail.com</prop>
		<prop key="Maria">maria@gmail.com</prop>
	</util:properties>

	<bean id="empresa" class="com.example.modelo.Empresa"
		p:empleados-ref="empleados"
		p:proyectos-ref="proyectos"
		p:equipos-ref="equipos"
		p:jefesProyecto-ref="jefesProyecto"
		p:emails-ref="emails" />
	
</beans>




