<?xml version="1.0" encoding="UTF-8"?>
<faces-config
    xmlns="http://xmlns.jcp.org/xml/ns/javaee"
    xmlns:xsi="http://www.w3.org/2001/XMLSchema-instance"
    xsi:schemaLocation="http://xmlns.jcp.org/xml/ns/javaee http://xmlns.jcp.org/xml/ns/javaee/web-facesconfig_2_2.xsd"
    version="2.2">
    
    <application>
    	<!-- Archivo de los mensajes de error -->
    	<message-bundle>errores</message-bundle>
     	
     	
    	<locale-config>
    		<default-locale>es</default-locale>
    		<supported-locale>en</supported-locale>
    		<supported-locale>de</supported-locale>
    	</locale-config>
    </application>
    
    <validator>
    	<description>Ejemplo de validador personalizado</description>
    	<validator-id>emailValidator</validator-id>
    	<validator-class>app.web.EmailValidator</validator-class>
    </validator>

</faces-config>
