<?xml version="1.0" encoding="UTF-8"?>
<beans xmlns="http://www.springframework.org/schema/beans"
	xmlns:xsi="http://www.w3.org/2001/XMLSchema-instance"
	xmlns:tx="http://www.springframework.org/schema/tx"
	xsi:schemaLocation="http://www.springframework.org/schema/beans 
	http://www.springframework.org/schema/beans/spring-beans.xsd
		http://www.springframework.org/schema/tx 
		http://www.springframework.org/schema/tx/spring-tx-4.3.xsd">

	<!-- Siempre se declara independientemente del modelo de Tx elegido -->
	<bean id="txManager" 
		class="org.springframework.jdbc.datasource.DataSourceTransactionManager">
		<property name="dataSource" ref="miDataSource" />
	</bean>
	
	<!-- Activar las anotaciones del modulo Spring tx -->
	<tx:annotation-driven transaction-manager="txManager"/>
	
	<bean id="miDataSource"
	 class="org.springframework.jdbc.datasource.DriverManagerDataSource">
	 	<property name="driverClassName" value="com.mysql.jdbc.Driver" />
	 	<property name="url" value="jdbc:mysql://localhost:3306/LaraDB" />
	 	<property name="username" value="root" />
	 	<property name="password" value="" />
	</bean>
	
	<bean id="template" class="org.springframework.jdbc.core.JdbcTemplate">
		<property name="dataSource" ref="miDataSource" />
	</bean>
	
</beans>
